﻿Country Name,Country Code,Indicator Name,Indicator Code,1960,1961,1962,1963,1964,1965,1966,1967,1968,1969,1970,1971,1972,1973,1974,1975,1976,1977,1978,1979,1980,1981,1982,1983,1984,1985,1986,1987,1988,1989,1990,1991,1992,1993,1994,1995,1996,1997,1998,1999,2000,2001,2002,2003,2004,2005,2006,2007,2008,2009,2010,2011,2012,2013,2014,2015,2016,2017,2018,2019
Aruba,ABW,"Smoking prevalence, males (% of adults)",SH.PRV.SMOK.MA,,,,,,,,,,,,,,,,,,,,,,,,,,,,,,,,,,,,,,,,,,,,,,,,,,,,,,,,,,,,
Afghanistan,AFG,"Smoking prevalence, males (% of adults)",SH.PRV.SMOK.MA,,,,,,,,,,,,,,,,,,,,,,,,,,,,,,,,,,,,,,,,,,,,,,,,,,,,,,,,,,,,
Angola,AGO,"Smoking prevalence, males (% of adults)",SH.PRV.SMOK.MA,,,,,,,,,,,,,,,,,,,,,,,,,,,,,,,,,,,,,,,,,,,,,,,,,,,,,,,,,,,,
Albania,ALB,"Smoking prevalence, males (% of adults)",SH.PRV.SMOK.MA,,,,,,,,,,,,,,,,,,,,,,,,,,,,,,,,,,,,,,,,,57.6,,,,,55.7,,,,,53.8,53.1,52.6,52.3,52.1,51.7,51.2,,,
Andorra,AND,"Smoking prevalence, males (% of adults)",SH.PRV.SMOK.MA,,,,,,,,,,,,,,,,,,,,,,,,,,,,,,,,,,,,,,,,,43.7,,,,,41.7,,,,,39.7,39.4,39,38.8,38.5,38.2,37.8,,,
Arab World,ARB,"Smoking prevalence, males (% of adults)",SH.PRV.SMOK.MA,,,,,,,,,,,,,,,,,,,,,,,,,,,,,,,,,,,,,,,,,32.04039171,,,,,34.07888696,,,,,,36.80231184,37.18560816,37.77609093,38.3483709,38.94261751,39.46987952,,,
United Arab Emirates,ARE,"Smoking prevalence, males (% of adults)",SH.PRV.SMOK.MA,,,,,,,,,,,,,,,,,,,,,,,,,,,,,,,,,,,,,,,,,33.7,,,,,34.4,,,,,35.6,35.7,36.1,36.4,36.7,36.8,37.4,,,
Argentina,ARG,"Smoking prevalence, males (% of adults)",SH.PRV.SMOK.MA,,,,,,,,,,,,,,,,,,,,,,,,,,,,,,,,,,,,,,,,,45.3,,,,,38.8,,,,,33.2,32,31.1,30.2,29.4,28.4,27.7,,,
Armenia,ARM,"Smoking prevalence, males (% of adults)",SH.PRV.SMOK.MA,,,,,,,,,,,,,,,,,,,,,,,,,,,,,,,,,,,,,,,,,66.9,,,,,61.4,,,,,56.8,56.3,55.1,54.3,53.6,52.5,52.1,,,
American Samoa,ASM,"Smoking prevalence, males (% of adults)",SH.PRV.SMOK.MA,,,,,,,,,,,,,,,,,,,,,,,,,,,,,,,,,,,,,,,,,,,,,,,,,,,,,,,,,,,,
Antigua and Barbuda,ATG,"Smoking prevalence, males (% of adults)",SH.PRV.SMOK.MA,,,,,,,,,,,,,,,,,,,,,,,,,,,,,,,,,,,,,,,,,,,,,,,,,,,,,,,,,,,,
Australia,AUS,"Smoking prevalence, males (% of adults)",SH.PRV.SMOK.MA,,,,,,,,,,,,,,,,,,,,,,,,,,,,,,,,,,,,,,,,,26.7,,,,,22.9,,,,,19.7,19.1,18.5,18,17.5,17,16.5,,,
Austria,AUT,"Smoking prevalence, males (% of adults)",SH.PRV.SMOK.MA,,,,,,,,,,,,,,,,,,,,,,,,,,,,,,,,,,,,,,,,,54.7,,,,,45.8,,,,,38.3,36.8,35.7,34.4,33,32.2,30.9,,,
Azerbaijan,AZE,"Smoking prevalence, males (% of adults)",SH.PRV.SMOK.MA,,,,,,,,,,,,,,,,,,,,,,,,,,,,,,,,,,,,,,,,,55.4,,,,,50.8,,,,,46.8,45.8,45.3,44.4,43.8,43.5,42.5,,,
Burundi,BDI,"Smoking prevalence, males (% of adults)",SH.PRV.SMOK.MA,,,,,,,,,,,,,,,,,,,,,,,,,,,,,,,,,,,,,,,,,,,,,,,,,,,,,,,,,,,,
Belgium,BEL,"Smoking prevalence, males (% of adults)",SH.PRV.SMOK.MA,,,,,,,,,,,,,,,,,,,,,,,,,,,,,,,,,,,,,,,,,44.4,,,,,39.8,,,,,35.5,34.8,34,33.4,32.7,32,31.4,,,
Benin,BEN,"Smoking prevalence, males (% of adults)",SH.PRV.SMOK.MA,,,,,,,,,,,,,,,,,,,,,,,,,,,,,,,,,,,,,,,,,16.5,,,,,15,,,,,13.6,13.4,13.1,12.9,12.8,12.5,12.3,,,
Burkina Faso,BFA,"Smoking prevalence, males (% of adults)",SH.PRV.SMOK.MA,,,,,,,,,,,,,,,,,,,,,,,,,,,,,,,,,,,,,,,,,27,,,,,26,,,,,24.9,24.7,24.7,24.4,24.2,24.1,23.9,,,
Bangladesh,BGD,"Smoking prevalence, males (% of adults)",SH.PRV.SMOK.MA,,,,,,,,,,,,,,,,,,,,,,,,,,,,,,,,,,,,,,,,,55.9,,,,,52.2,,,,,48.4,47.6,47,46.5,45.5,45.1,44.7,,,
Bulgaria,BGR,"Smoking prevalence, males (% of adults)",SH.PRV.SMOK.MA,,,,,,,,,,,,,,,,,,,,,,,,,,,,,,,,,,,,,,,,,60.8,,,,,54.7,,,,,49.7,48.7,47.8,47,46.2,45.4,44.4,,,
Bahrain,BHR,"Smoking prevalence, males (% of adults)",SH.PRV.SMOK.MA,,,,,,,,,,,,,,,,,,,,,,,,,,,,,,,,,,,,,,,,,31.6,,,,,33,,,,,34.8,35.2,35.5,36,36.5,36.9,37.6,,,
"Bahamas, The",BHS,"Smoking prevalence, males (% of adults)",SH.PRV.SMOK.MA,,,,,,,,,,,,,,,,,,,,,,,,,,,,,,,,,,,,,,,,,16.8,,,,,17.6,,,,,18.8,19,19.3,19.6,19.7,20.1,20.4,,,
Bosnia and Herzegovina,BIH,"Smoking prevalence, males (% of adults)",SH.PRV.SMOK.MA,,,,,,,,,,,,,,,,,,,,,,,,,,,,,,,,,,,,,,,,,59.4,,,,,55,,,,,51.5,50.7,50,49.4,48.6,48.4,47.7,,,
Belarus,BLR,"Smoking prevalence, males (% of adults)",SH.PRV.SMOK.MA,,,,,,,,,,,,,,,,,,,,,,,,,,,,,,,,,,,,,,,,,64.3,,,,,57.8,,,,,51.9,51,49.9,48.9,47.8,47,46.1,,,
Belize,BLZ,"Smoking prevalence, males (% of adults)",SH.PRV.SMOK.MA,,,,,,,,,,,,,,,,,,,,,,,,,,,,,,,,,,,,,,,,,,,,,,,,,,,,,,,,,,,,
Bermuda,BMU,"Smoking prevalence, males (% of adults)",SH.PRV.SMOK.MA,,,,,,,,,,,,,,,,,,,,,,,,,,,,,,,,,,,,,,,,,,,,,,,,,,,,,,,,,,,,
Bolivia,BOL,"Smoking prevalence, males (% of adults)",SH.PRV.SMOK.MA,,,,,,,,,,,,,,,,,,,,,,,,,,,,,,,,,,,,,,,,,,,,,,,,,,,,,,,,,,,,
Brazil,BRA,"Smoking prevalence, males (% of adults)",SH.PRV.SMOK.MA,,,,,,,,,,,,,,,,,,,,,,,,,,,,,,,,,,,,,,,,,30.6,,,,,25.7,,,,,21.8,21.1,20.3,19.7,19.1,18.4,17.9,,,
Barbados,BRB,"Smoking prevalence, males (% of adults)",SH.PRV.SMOK.MA,,,,,,,,,,,,,,,,,,,,,,,,,,,,,,,,,,,,,,,,,14,,,,,14,,,,,14.2,14.3,14.2,14.4,14.4,14.4,14.5,,,
Brunei Darussalam,BRN,"Smoking prevalence, males (% of adults)",SH.PRV.SMOK.MA,,,,,,,,,,,,,,,,,,,,,,,,,,,,,,,,,,,,,,,,,29.7,,,,,29.9,,,,,30.3,30.5,30.5,30.6,30.7,30.9,30.9,,,
Bhutan,BTN,"Smoking prevalence, males (% of adults)",SH.PRV.SMOK.MA,,,,,,,,,,,,,,,,,,,,,,,,,,,,,,,,,,,,,,,,,,,,,,,,,,,,,,,,,,,,
Botswana,BWA,"Smoking prevalence, males (% of adults)",SH.PRV.SMOK.MA,,,,,,,,,,,,,,,,,,,,,,,,,,,,,,,,,,,,,,,,,31,,,,,31.8,,,,,33,33.1,33.4,33.5,33.7,33.8,34.4,,,
Central African Republic,CAF,"Smoking prevalence, males (% of adults)",SH.PRV.SMOK.MA,,,,,,,,,,,,,,,,,,,,,,,,,,,,,,,,,,,,,,,,,,,,,,,,,,,,,,,,,,,,
Canada,CAN,"Smoking prevalence, males (% of adults)",SH.PRV.SMOK.MA,,,,,,,,,,,,,,,,,,,,,,,,,,,,,,,,,,,,,,,,,29.9,,,,,24.9,,,,,20.7,19.9,19.2,18.7,17.9,17.3,16.6,,,
Central Europe and the Baltics,CEB,"Smoking prevalence, males (% of adults)",SH.PRV.SMOK.MA,,,,,,,,,,,,,,,,,,,,,,,,,,,,,,,,,,,,,,,,,47.78827617,,,,,43.56332059,,,,,39.83565025,39.28017121,38.58746883,38.0227586,37.34635443,36.80982822,36.18988549,,,
Switzerland,CHE,"Smoking prevalence, males (% of adults)",SH.PRV.SMOK.MA,,,,,,,,,,,,,,,,,,,,,,,,,,,,,,,,,,,,,,,,,37.4,,,,,34.4,,,,,31.9,31.3,30.9,30.5,30,29.5,28.9,,,
Channel Islands,CHI,"Smoking prevalence, males (% of adults)",SH.PRV.SMOK.MA,,,,,,,,,,,,,,,,,,,,,,,,,,,,,,,,,,,,,,,,,,,,,,,,,,,,,,,,,,,,
Chile,CHL,"Smoking prevalence, males (% of adults)",SH.PRV.SMOK.MA,,,,,,,,,,,,,,,,,,,,,,,,,,,,,,,,,,,,,,,,,59.3,,,,,52.7,,,,,47.2,46.1,45.1,44.3,43.4,42.5,41.5,,,
China,CHN,"Smoking prevalence, males (% of adults)",SH.PRV.SMOK.MA,,,,,,,,,,,,,,,,,,,,,,,,,,,,,,,,,,,,,,,,,56,,,,,53.3,,,,,50.9,50.1,50.1,49.6,49.2,48.7,48.4,,,
Cote d'Ivoire,CIV,"Smoking prevalence, males (% of adults)",SH.PRV.SMOK.MA,,,,,,,,,,,,,,,,,,,,,,,,,,,,,,,,,,,,,,,,,,,,,,,,,,,,,,,,,,,,
Cameroon,CMR,"Smoking prevalence, males (% of adults)",SH.PRV.SMOK.MA,,,,,,,,,,,,,,,,,,,,,,,,,,,,,,,,,,,,,,,,,,,,,,,,,,,,,,,,,,,,
"Congo, Dem. Rep.",COD,"Smoking prevalence, males (% of adults)",SH.PRV.SMOK.MA,,,,,,,,,,,,,,,,,,,,,,,,,,,,,,,,,,,,,,,,,,,,,,,,,,,,,,,,,,,,
"Congo, Rep.",COG,"Smoking prevalence, males (% of adults)",SH.PRV.SMOK.MA,,,,,,,,,,,,,,,,,,,,,,,,,,,,,,,,,,,,,,,,,9.8,,,,,16.5,,,,,27.9,30.7,34.2,38.1,42.5,47,52.3,,,
Colombia,COL,"Smoking prevalence, males (% of adults)",SH.PRV.SMOK.MA,,,,,,,,,,,,,,,,,,,,,,,,,,,,,,,,,,,,,,,,,27.4,,,,,21.7,,,,,17.5,16.8,16,15.4,14.7,14.2,13.5,,,
Comoros,COM,"Smoking prevalence, males (% of adults)",SH.PRV.SMOK.MA,,,,,,,,,,,,,,,,,,,,,,,,,,,,,,,,,,,,,,,,,29.7,,,,,27.6,,,,,25.6,25.3,24.9,24.6,24.3,24,23.6,,,
Cabo Verde,CPV,"Smoking prevalence, males (% of adults)",SH.PRV.SMOK.MA,,,,,,,,,,,,,,,,,,,,,,,,,,,,,,,,,,,,,,,,,19.6,,,,,18.5,,,,,17.5,17.3,17.2,16.9,16.8,16.7,16.5,,,
Costa Rica,CRI,"Smoking prevalence, males (% of adults)",SH.PRV.SMOK.MA,,,,,,,,,,,,,,,,,,,,,,,,,,,,,,,,,,,,,,,,,26.5,,,,,23.1,,,,,20.2,19.7,19.3,18.7,18.2,17.7,17.4,,,
Caribbean small states,CSS,"Smoking prevalence, males (% of adults)",SH.PRV.SMOK.MA,,,,,,,,,,,,,,,,,,,,,,,,,,,,,,,,,,,,,,,,,,,,,,,,,,,,,,,,,,,,
Cuba,CUB,"Smoking prevalence, males (% of adults)",SH.PRV.SMOK.MA,,,,,,,,,,,,,,,,,,,,,,,,,,,,,,,,,,,,,,,,,58.3,,,,,56.5,,,,,55,54.7,54.4,54,53.8,54,53.3,,,
Curacao,CUW,"Smoking prevalence, males (% of adults)",SH.PRV.SMOK.MA,,,,,,,,,,,,,,,,,,,,,,,,,,,,,,,,,,,,,,,,,,,,,,,,,,,,,,,,,,,,
Cayman Islands,CYM,"Smoking prevalence, males (% of adults)",SH.PRV.SMOK.MA,,,,,,,,,,,,,,,,,,,,,,,,,,,,,,,,,,,,,,,,,,,,,,,,,,,,,,,,,,,,
Cyprus,CYP,"Smoking prevalence, males (% of adults)",SH.PRV.SMOK.MA,,,,,,,,,,,,,,,,,,,,,,,,,,,,,,,,,,,,,,,,,61.7,,,,,58.6,,,,,55.4,54.8,54.1,53.8,53.3,53.1,52.7,,,
Czech Republic,CZE,"Smoking prevalence, males (% of adults)",SH.PRV.SMOK.MA,,,,,,,,,,,,,,,,,,,,,,,,,,,,,,,,,,,,,,,,,40,,,,,39.6,,,,,39.1,38.9,38.7,38.6,38.5,38.6,38.3,,,
Germany,DEU,"Smoking prevalence, males (% of adults)",SH.PRV.SMOK.MA,,,,,,,,,,,,,,,,,,,,,,,,,,,,,,,,,,,,,,,,,40.1,,,,,37.7,,,,,35.5,35.2,34.8,34.5,33.7,33.5,33.1,,,
Djibouti,DJI,"Smoking prevalence, males (% of adults)",SH.PRV.SMOK.MA,,,,,,,,,,,,,,,,,,,,,,,,,,,,,,,,,,,,,,,,,32.2,,,,,29.4,,,,,26.9,26.5,26.1,25.6,25.3,24.8,24.5,,,
Dominica,DMA,"Smoking prevalence, males (% of adults)",SH.PRV.SMOK.MA,,,,,,,,,,,,,,,,,,,,,,,,,,,,,,,,,,,,,,,,,,,,,,,,,,,,,,,,,,,,
Denmark,DNK,"Smoking prevalence, males (% of adults)",SH.PRV.SMOK.MA,,,,,,,,,,,,,,,,,,,,,,,,,,,,,,,,,,,,,,,,,42.7,,,,,33.1,,,,,25.7,24.2,22.9,22,20.8,19.8,18.8,,,
Dominican Republic,DOM,"Smoking prevalence, males (% of adults)",SH.PRV.SMOK.MA,,,,,,,,,,,,,,,,,,,,,,,,,,,,,,,,,,,,,,,,,22,,,,,20.9,,,,,20,19.8,19.6,19.5,19.3,19.1,19.1,,,
Algeria,DZA,"Smoking prevalence, males (% of adults)",SH.PRV.SMOK.MA,,,,,,,,,,,,,,,,,,,,,,,,,,,,,,,,,,,,,,,,,27.4,,,,,28,,,,,28.8,29.1,29.4,29.6,29.8,30.2,30.4,,,
East Asia & Pacific (excluding high income),EAP,"Smoking prevalence, males (% of adults)",SH.PRV.SMOK.MA,,,,,,,,,,,,,,,,,,,,,,,,,,,,,,,,,,,,,,,,,56.00007255,,,,,53.84683969,,,,,52.18593422,51.55535608,51.57004452,51.25090535,51.00168484,50.70409614,50.51032024,,,
Early-demographic dividend,EAR,"Smoking prevalence, males (% of adults)",SH.PRV.SMOK.MA,,,,,,,,,,,,,,,,,,,,,,,,,,,,,,,,,,,,,,,,,39.33051892,,,,,35.9595778,,,,,33.28295454,32.7553553,32.3170673,31.93389169,31.46940384,31.19244199,30.80083039,,,
East Asia & Pacific,EAS,"Smoking prevalence, males (% of adults)",SH.PRV.SMOK.MA,,,,,,,,,,,,,,,,,,,,,,,,,,,,,,,,,,,,,,,,,55.53575169,,,,,52.97561926,,,,,50.97444707,50.30966715,50.25006589,49.8801734,49.58066597,49.24064458,48.98967898,,,
Europe & Central Asia (excluding high income),ECA,"Smoking prevalence, males (% of adults)",SH.PRV.SMOK.MA,,,,,,,,,,,,,,,,,,,,,,,,,,,,,,,,,,,,,,,,,61.22824194,,,,,56.63584134,,,,,52.47424469,51.72395231,50.92436486,50.19658785,49.41558596,48.66795014,47.91308529,,,
Europe & Central Asia,ECS,"Smoking prevalence, males (% of adults)",SH.PRV.SMOK.MA,,,,,,,,,,,,,,,,,,,,,,,,,,,,,,,,,,,,,,,,,49.74100988,,,,,45.73259069,,,,,42.16320857,41.56491528,40.8894906,40.27292485,39.59301978,38.99359284,38.36562663,,,
Ecuador,ECU,"Smoking prevalence, males (% of adults)",SH.PRV.SMOK.MA,,,,,,,,,,,,,,,,,,,,,,,,,,,,,,,,,,,,,,,,,22.1,,,,,18.4,,,,,15.2,14.7,14.2,13.7,13.2,12.7,12.3,,,
"Egypt, Arab Rep.",EGY,"Smoking prevalence, males (% of adults)",SH.PRV.SMOK.MA,,,,,,,,,,,,,,,,,,,,,,,,,,,,,,,,,,,,,,,,,33.5,,,,,37.8,,,,,43.1,43.9,44.8,46.3,47.6,48.9,50.1,,,
Euro area,EMU,"Smoking prevalence, males (% of adults)",SH.PRV.SMOK.MA,,,,,,,,,,,,,,,,,,,,,,,,,,,,,,,,,,,,,,,,,41.23595301,,,,,38.21089938,,,,,35.406084,34.94754477,34.4104297,33.93365171,33.36782076,32.88974638,32.47308016,,,
Eritrea,ERI,"Smoking prevalence, males (% of adults)",SH.PRV.SMOK.MA,,,,,,,,,,,,,,,,,,,,,,,,,,,,,,,,,,,,,,,,,17.4,,,,,15.2,,,,,13.3,12.9,12.7,12.4,12.1,11.8,11.4,,,
Spain,ESP,"Smoking prevalence, males (% of adults)",SH.PRV.SMOK.MA,,,,,,,,,,,,,,,,,,,,,,,,,,,,,,,,,,,,,,,,,47.3,,,,,41.6,,,,,36.6,35.6,34.8,33.9,33.1,32,31.4,,,
Estonia,EST,"Smoking prevalence, males (% of adults)",SH.PRV.SMOK.MA,,,,,,,,,,,,,,,,,,,,,,,,,,,,,,,,,,,,,,,,,54.7,,,,,49.5,,,,,44.6,43.5,42.8,41.9,41,40.1,39.3,,,
Ethiopia,ETH,"Smoking prevalence, males (% of adults)",SH.PRV.SMOK.MA,,,,,,,,,,,,,,,,,,,,,,,,,,,,,,,,,,,,,,,,,9.2,,,,,8.9,,,,,8.7,8.6,8.6,8.5,8.4,8.5,8.5,,,
European Union,EUU,"Smoking prevalence, males (% of adults)",SH.PRV.SMOK.MA,,,,,,,,,,,,,,,,,,,,,,,,,,,,,,,,,,,,,,,,,42.52599791,,,,,39.07274412,,,,,35.94172901,35.43952207,34.8471153,34.33696977,33.7247172,33.21643667,32.72950182,,,
Fragile and conflict affected situations,FCS,"Smoking prevalence, males (% of adults)",SH.PRV.SMOK.MA,,,,,,,,,,,,,,,,,,,,,,,,,,,,,,,,,,,,,,,,,,,,,,,,,,,,,,,,,,,,
Finland,FIN,"Smoking prevalence, males (% of adults)",SH.PRV.SMOK.MA,,,,,,,,,,,,,,,,,,,,,,,,,,,,,,,,,,,,,,,,,34.6,,,,,30.1,,,,,26.6,25.7,25.1,24.4,23.8,23.2,22.6,,,
Fiji,FJI,"Smoking prevalence, males (% of adults)",SH.PRV.SMOK.MA,,,,,,,,,,,,,,,,,,,,,,,,,,,,,,,,,,,,,,,,,53.6,,,,,46.7,,,,,40.8,39.5,38.7,37.4,36.4,35.6,34.8,,,
France,FRA,"Smoking prevalence, males (% of adults)",SH.PRV.SMOK.MA,,,,,,,,,,,,,,,,,,,,,,,,,,,,,,,,,,,,,,,,,39.8,,,,,38.4,,,,,37,36.8,36.4,36.2,35.9,35.8,35.6,,,
Faroe Islands,FRO,"Smoking prevalence, males (% of adults)",SH.PRV.SMOK.MA,,,,,,,,,,,,,,,,,,,,,,,,,,,,,,,,,,,,,,,,,,,,,,,,,,,,,,,,,,,,
"Micronesia, Fed. Sts.",FSM,"Smoking prevalence, males (% of adults)",SH.PRV.SMOK.MA,,,,,,,,,,,,,,,,,,,,,,,,,,,,,,,,,,,,,,,,,,,,,,,,,,,,,,,,,,,,
Gabon,GAB,"Smoking prevalence, males (% of adults)",SH.PRV.SMOK.MA,,,,,,,,,,,,,,,,,,,,,,,,,,,,,,,,,,,,,,,,,,,,,,,,,,,,,,,,,,,,
United Kingdom,GBR,"Smoking prevalence, males (% of adults)",SH.PRV.SMOK.MA,,,,,,,,,,,,,,,,,,,,,,,,,,,,,,,,,,,,,,,,,38.9,,,,,33.8,,,,,29.3,28.5,27.7,26.8,26.1,25.6,24.7,,,
Georgia,GEO,"Smoking prevalence, males (% of adults)",SH.PRV.SMOK.MA,,,,,,,,,,,,,,,,,,,,,,,,,,,,,,,,,,,,,,,,,62.3,,,,,59.9,,,,,57.7,57.2,57,56.6,56,55.7,55.5,,,
Ghana,GHA,"Smoking prevalence, males (% of adults)",SH.PRV.SMOK.MA,,,,,,,,,,,,,,,,,,,,,,,,,,,,,,,,,,,,,,,,,10.8,,,,,9.6,,,,,8.7,8.5,8.4,8.2,8.1,7.8,7.7,,,
Gibraltar,GIB,"Smoking prevalence, males (% of adults)",SH.PRV.SMOK.MA,,,,,,,,,,,,,,,,,,,,,,,,,,,,,,,,,,,,,,,,,,,,,,,,,,,,,,,,,,,,
Guinea,GIN,"Smoking prevalence, males (% of adults)",SH.PRV.SMOK.MA,,,,,,,,,,,,,,,,,,,,,,,,,,,,,,,,,,,,,,,,,,,,,,,,,,,,,,,,,,,,
"Gambia, The",GMB,"Smoking prevalence, males (% of adults)",SH.PRV.SMOK.MA,,,,,,,,,,,,,,,,,,,,,,,,,,,,,,,,,,,,,,,,,37.8,,,,,35.4,,,,,33.4,33,32.7,32.2,32,31.7,31.2,,,
Guinea-Bissau,GNB,"Smoking prevalence, males (% of adults)",SH.PRV.SMOK.MA,,,,,,,,,,,,,,,,,,,,,,,,,,,,,,,,,,,,,,,,,,,,,,,,,,,,,,,,,,,,
Equatorial Guinea,GNQ,"Smoking prevalence, males (% of adults)",SH.PRV.SMOK.MA,,,,,,,,,,,,,,,,,,,,,,,,,,,,,,,,,,,,,,,,,,,,,,,,,,,,,,,,,,,,
Greece,GRC,"Smoking prevalence, males (% of adults)",SH.PRV.SMOK.MA,,,,,,,,,,,,,,,,,,,,,,,,,,,,,,,,,,,,,,,,,61.1,,,,,57.8,,,,,55,54.6,53.7,53.3,53,52.2,52,,,
Grenada,GRD,"Smoking prevalence, males (% of adults)",SH.PRV.SMOK.MA,,,,,,,,,,,,,,,,,,,,,,,,,,,,,,,,,,,,,,,,,,,,,,,,,,,,,,,,,,,,
Greenland,GRL,"Smoking prevalence, males (% of adults)",SH.PRV.SMOK.MA,,,,,,,,,,,,,,,,,,,,,,,,,,,,,,,,,,,,,,,,,,,,,,,,,,,,,,,,,,,,
Guatemala,GTM,"Smoking prevalence, males (% of adults)",SH.PRV.SMOK.MA,,,,,,,,,,,,,,,,,,,,,,,,,,,,,,,,,,,,,,,,,,,,,,,,,,,,,,,,,,,,
Guam,GUM,"Smoking prevalence, males (% of adults)",SH.PRV.SMOK.MA,,,,,,,,,,,,,,,,,,,,,,,,,,,,,,,,,,,,,,,,,,,,,,,,,,,,,,,,,,,,
Guyana,GUY,"Smoking prevalence, males (% of adults)",SH.PRV.SMOK.MA,,,,,,,,,,,,,,,,,,,,,,,,,,,,,,,,,,,,,,,,,,,,,,,,,,,,,,,,,,,,
High income,HIC,"Smoking prevalence, males (% of adults)",SH.PRV.SMOK.MA,,,,,,,,,,,,,,,,,,,,,,,,,,,,,,,,,,,,,,,,,41.13018038,,,,,36.76579621,,,,,33.01145098,32.36336262,31.72308969,31.08726797,30.43685245,29.87448493,29.29780948,,,
"Hong Kong SAR, China",HKG,"Smoking prevalence, males (% of adults)",SH.PRV.SMOK.MA,,,,,,,,,,,,,,,,,,,,,,,,,,,,,,,,,,,,,,,,,,,,,,,,,,,,,,,,,,,,
Honduras,HND,"Smoking prevalence, males (% of adults)",SH.PRV.SMOK.MA,,,,,,,,,,,,,,,,,,,,,,,,,,,,,,,,,,,,,,,,,,,,,,,,,,,,,,,,,,,,
Heavily indebted poor countries (HIPC),HPC,"Smoking prevalence, males (% of adults)",SH.PRV.SMOK.MA,,,,,,,,,,,,,,,,,,,,,,,,,,,,,,,,,,,,,,,,,,,,,,,,,,,,,,,,,,,,
Croatia,HRV,"Smoking prevalence, males (% of adults)",SH.PRV.SMOK.MA,,,,,,,,,,,,,,,,,,,,,,,,,,,,,,,,,,,,,,,,,40.5,,,,,40.4,,,,,40.1,39.9,39.7,40,40,40,39.9,,,
Haiti,HTI,"Smoking prevalence, males (% of adults)",SH.PRV.SMOK.MA,,,,,,,,,,,,,,,,,,,,,,,,,,,,,,,,,,,,,,,,,19,,,,,19.9,,,,,21.3,21.6,21.8,22.2,22.5,22.8,23.1,,,
Hungary,HUN,"Smoking prevalence, males (% of adults)",SH.PRV.SMOK.MA,,,,,,,,,,,,,,,,,,,,,,,,,,,,,,,,,,,,,,,,,47.2,,,,,42.7,,,,,38.9,38.2,37.5,36.8,36.2,35.5,34.8,,,
IBRD only,IBD,"Smoking prevalence, males (% of adults)",SH.PRV.SMOK.MA,,,,,,,,,,,,,,,,,,,,,,,,,,,,,,,,,,,,,,,,,46.99561566,,,,,43.50527702,,,,,40.56832452,39.8716003,39.49023329,38.98737329,38.468117,38.0245764,37.56098015,,,
IDA & IBRD total,IBT,"Smoking prevalence, males (% of adults)",SH.PRV.SMOK.MA,,,,,,,,,,,,,,,,,,,,,,,,,,,,,,,,,,,,,,,,,45.06197158,,,,,41.66457991,,,,,38.72623316,38.04996063,37.64648693,37.14110603,36.60711695,36.15679187,35.69084988,,,
IDA total,IDA,"Smoking prevalence, males (% of adults)",SH.PRV.SMOK.MA,,,,,,,,,,,,,,,,,,,,,,,,,,,,,,,,,,,,,,,,,34.52994785,,,,,32.06478629,,,,,29.66584704,29.21478311,28.82939007,28.44156627,27.97564726,27.63909911,27.31226027,,,
IDA blend,IDB,"Smoking prevalence, males (% of adults)",SH.PRV.SMOK.MA,,,,,,,,,,,,,,,,,,,,,,,,,,,,,,,,,,,,,,,,,29.05785203,,,,,27.83193611,,,,,26.72836543,26.56023348,26.39125775,26.2395549,26.0040135,25.83115897,25.6541,,,
Indonesia,IDN,"Smoking prevalence, males (% of adults)",SH.PRV.SMOK.MA,,,,,,,,,,,,,,,,,,,,,,,,,,,,,,,,,,,,,,,,,60.6,,,,,65,,,,,70.6,71.1,71.9,73,74.1,75.2,76.1,,,
IDA only,IDX,"Smoking prevalence, males (% of adults)",SH.PRV.SMOK.MA,,,,,,,,,,,,,,,,,,,,,,,,,,,,,,,,,,,,,,,,,38.27769274,,,,,34.98373531,,,,,31.72815919,31.08329806,30.54817945,29.99591296,29.36875052,28.91730054,28.48337753,,,
Isle of Man,IMN,"Smoking prevalence, males (% of adults)",SH.PRV.SMOK.MA,,,,,,,,,,,,,,,,,,,,,,,,,,,,,,,,,,,,,,,,,,,,,,,,,,,,,,,,,,,,
India,IND,"Smoking prevalence, males (% of adults)",SH.PRV.SMOK.MA,,,,,,,,,,,,,,,,,,,,,,,,,,,,,,,,,,,,,,,,,34.4,,,,,29.2,,,,,24.8,24,23.3,22.6,21.8,21.3,20.6,,,
Not classified,INX,"Smoking prevalence, males (% of adults)",SH.PRV.SMOK.MA,,,,,,,,,,,,,,,,,,,,,,,,,,,,,,,,,,,,,,,,,,,,,,,,,,,,,,,,,,,,
Ireland,IRL,"Smoking prevalence, males (% of adults)",SH.PRV.SMOK.MA,,,,,,,,,,,,,,,,,,,,,,,,,,,,,,,,,,,,,,,,,37.7,,,,,33.4,,,,,29.5,28.9,28.2,27.5,26.9,26.3,25.7,,,
"Iran, Islamic Rep.",IRN,"Smoking prevalence, males (% of adults)",SH.PRV.SMOK.MA,,,,,,,,,,,,,,,,,,,,,,,,,,,,,,,,,,,,,,,,,30,,,,,26.6,,,,,23.9,23.4,23,22.5,22,21.6,21.1,,,
Iraq,IRQ,"Smoking prevalence, males (% of adults)",SH.PRV.SMOK.MA,,,,,,,,,,,,,,,,,,,,,,,,,,,,,,,,,,,,,,,,,,,,,,,,,,,,,,,,,,,,
Iceland,ISL,"Smoking prevalence, males (% of adults)",SH.PRV.SMOK.MA,,,,,,,,,,,,,,,,,,,,,,,,,,,,,,,,,,,,,,,,,32.9,,,,,25.7,,,,,20.1,19.3,18.4,17.5,16.7,15.9,15.2,,,
Israel,ISR,"Smoking prevalence, males (% of adults)",SH.PRV.SMOK.MA,,,,,,,,,,,,,,,,,,,,,,,,,,,,,,,,,,,,,,,,,39.9,,,,,38,,,,,37,36.6,36.5,36.2,36,35.7,35.4,,,
Italy,ITA,"Smoking prevalence, males (% of adults)",SH.PRV.SMOK.MA,,,,,,,,,,,,,,,,,,,,,,,,,,,,,,,,,,,,,,,,,33.2,,,,,31.4,,,,,29.6,29.5,29.1,28.8,28.6,28.1,27.8,,,
Jamaica,JAM,"Smoking prevalence, males (% of adults)",SH.PRV.SMOK.MA,,,,,,,,,,,,,,,,,,,,,,,,,,,,,,,,,,,,,,,,,28.1,,,,,28.2,,,,,28.2,28.3,28.4,28.3,28.4,28.4,28.6,,,
Jordan,JOR,"Smoking prevalence, males (% of adults)",SH.PRV.SMOK.MA,,,,,,,,,,,,,,,,,,,,,,,,,,,,,,,,,,,,,,,,,,,,,,,,,,,,,,,,,,,,
Japan,JPN,"Smoking prevalence, males (% of adults)",SH.PRV.SMOK.MA,,,,,,,,,,,,,,,,,,,,,,,,,,,,,,,,,,,,,,,,,52.5,,,,,45.7,,,,,39.8,38.6,37.7,36.6,35.6,34.7,33.7,,,
Kazakhstan,KAZ,"Smoking prevalence, males (% of adults)",SH.PRV.SMOK.MA,,,,,,,,,,,,,,,,,,,,,,,,,,,,,,,,,,,,,,,,,56.1,,,,,51.8,,,,,47.6,46.9,46,45.4,44.7,43.9,43.1,,,
Kenya,KEN,"Smoking prevalence, males (% of adults)",SH.PRV.SMOK.MA,,,,,,,,,,,,,,,,,,,,,,,,,,,,,,,,,,,,,,,,,30.7,,,,,26.9,,,,,23.6,23.1,22.5,21.9,21.4,20.8,20.4,,,
Kyrgyz Republic,KGZ,"Smoking prevalence, males (% of adults)",SH.PRV.SMOK.MA,,,,,,,,,,,,,,,,,,,,,,,,,,,,,,,,,,,,,,,,,50.7,,,,,50.7,,,,,50.2,50.4,50.6,50.4,50.5,50.5,50.5,,,
Cambodia,KHM,"Smoking prevalence, males (% of adults)",SH.PRV.SMOK.MA,,,,,,,,,,,,,,,,,,,,,,,,,,,,,,,,,,,,,,,,,56.2,,,,,47.9,,,,,40.7,39.4,38.3,36.9,35.7,34.7,33.7,,,
Kiribati,KIR,"Smoking prevalence, males (% of adults)",SH.PRV.SMOK.MA,,,,,,,,,,,,,,,,,,,,,,,,,,,,,,,,,,,,,,,,,89.6,,,,,80.7,,,,,69.8,68.4,66,64.2,62.4,60.5,58.9,,,
St. Kitts and Nevis,KNA,"Smoking prevalence, males (% of adults)",SH.PRV.SMOK.MA,,,,,,,,,,,,,,,,,,,,,,,,,,,,,,,,,,,,,,,,,,,,,,,,,,,,,,,,,,,,
"Korea, Rep.",KOR,"Smoking prevalence, males (% of adults)",SH.PRV.SMOK.MA,,,,,,,,,,,,,,,,,,,,,,,,,,,,,,,,,,,,,,,,,62.2,,,,,54.3,,,,,47.9,46.6,45.4,44.2,43.1,42,40.9,,,
Kuwait,KWT,"Smoking prevalence, males (% of adults)",SH.PRV.SMOK.MA,,,,,,,,,,,,,,,,,,,,,,,,,,,,,,,,,,,,,,,,,37,,,,,36.9,,,,,36.8,36.8,36.8,36.9,36.9,37,37,,,
Latin America & Caribbean (excluding high income),LAC,"Smoking prevalence, males (% of adults)",SH.PRV.SMOK.MA,,,,,,,,,,,,,,,,,,,,,,,,,,,,,,,,,,,,,,,,,33.16309867,,,,,28.18070346,,,,,24.06388078,23.35482107,22.56942628,21.96621934,21.31725449,20.66156581,20.08623524,,,
Lao PDR,LAO,"Smoking prevalence, males (% of adults)",SH.PRV.SMOK.MA,,,,,,,,,,,,,,,,,,,,,,,,,,,,,,,,,,,,,,,,,68.5,,,,,62.5,,,,,57.2,55.8,54.9,54.3,53.1,52.1,51.2,,,
Lebanon,LBN,"Smoking prevalence, males (% of adults)",SH.PRV.SMOK.MA,,,,,,,,,,,,,,,,,,,,,,,,,,,,,,,,,,,,,,,,,41.1,,,,,40.7,,,,,40.7,40.6,40.8,40.5,40.7,40.6,40.7,,,
Liberia,LBR,"Smoking prevalence, males (% of adults)",SH.PRV.SMOK.MA,,,,,,,,,,,,,,,,,,,,,,,,,,,,,,,,,,,,,,,,,22.5,,,,,20.9,,,,,19.4,19.2,19,18.8,18.6,18.3,18.1,,,
Libya,LBY,"Smoking prevalence, males (% of adults)",SH.PRV.SMOK.MA,,,,,,,,,,,,,,,,,,,,,,,,,,,,,,,,,,,,,,,,,,,,,,,,,,,,,,,,,,,,
St. Lucia,LCA,"Smoking prevalence, males (% of adults)",SH.PRV.SMOK.MA,,,,,,,,,,,,,,,,,,,,,,,,,,,,,,,,,,,,,,,,,,,,,,,,,,,,,,,,,,,,
Latin America & Caribbean,LCN,"Smoking prevalence, males (% of adults)",SH.PRV.SMOK.MA,,,,,,,,,,,,,,,,,,,,,,,,,,,,,,,,,,,,,,,,,34.2533771,,,,,29.09702461,,,,,24.86950555,24.13511981,23.33334639,22.7141448,22.04807575,21.37864701,20.78342032,,,
Least developed countries: UN classification,LDC,"Smoking prevalence, males (% of adults)",SH.PRV.SMOK.MA,,,,,,,,,,,,,,,,,,,,,,,,,,,,,,,,,,,,,,,,,39.31867135,,,,,35.93357198,,,,,32.59361539,31.92548064,31.36620317,30.7968365,30.14128275,29.67908371,29.22616722,,,
Low income,LIC,"Smoking prevalence, males (% of adults)",SH.PRV.SMOK.MA,,,,,,,,,,,,,,,,,,,,,,,,,,,,,,,,,,,,,,,,,,,,,,,,,,,,,,,,,,,,
Liechtenstein,LIE,"Smoking prevalence, males (% of adults)",SH.PRV.SMOK.MA,,,,,,,,,,,,,,,,,,,,,,,,,,,,,,,,,,,,,,,,,,,,,,,,,,,,,,,,,,,,
Sri Lanka,LKA,"Smoking prevalence, males (% of adults)",SH.PRV.SMOK.MA,,,,,,,,,,,,,,,,,,,,,,,,,,,,,,,,,,,,,,,,,31.6,,,,,30.2,,,,,28.6,28.3,28,27.9,27.5,27.5,27,,,
Lower middle income,LMC,"Smoking prevalence, males (% of adults)",SH.PRV.SMOK.MA,,,,,,,,,,,,,,,,,,,,,,,,,,,,,,,,,,,,,,,,,37.45025951,,,,,33.66185325,,,,,30.48128449,29.88808488,29.39163424,28.90923425,28.31355297,27.96105841,27.47146014,,,
Low & middle income,LMY,"Smoking prevalence, males (% of adults)",SH.PRV.SMOK.MA,,,,,,,,,,,,,,,,,,,,,,,,,,,,,,,,,,,,,,,,,45.01150858,,,,,41.66018859,,,,,38.75464959,38.07935705,37.68320661,37.18053652,36.65192408,36.20621642,35.74376462,,,
Lesotho,LSO,"Smoking prevalence, males (% of adults)",SH.PRV.SMOK.MA,,,,,,,,,,,,,,,,,,,,,,,,,,,,,,,,,,,,,,,,,36.8,,,,,41.5,,,,,46.5,47.5,48.8,49.7,51.3,52.6,53.9,,,
Late-demographic dividend,LTE,"Smoking prevalence, males (% of adults)",SH.PRV.SMOK.MA,,,,,,,,,,,,,,,,,,,,,,,,,,,,,,,,,,,,,,,,,52.77125309,,,,,49.67000232,,,,,46.90744887,46.16591398,45.94499622,45.42895914,44.9624279,44.45747815,44.05904507,,,
Lithuania,LTU,"Smoking prevalence, males (% of adults)",SH.PRV.SMOK.MA,,,,,,,,,,,,,,,,,,,,,,,,,,,,,,,,,,,,,,,,,53.1,,,,,47.7,,,,,42.8,42.1,41.1,40.4,39.5,38.7,38,,,
Luxembourg,LUX,"Smoking prevalence, males (% of adults)",SH.PRV.SMOK.MA,,,,,,,,,,,,,,,,,,,,,,,,,,,,,,,,,,,,,,,,,41.6,,,,,36,,,,,30.9,30,29.2,28.3,27.5,26.8,26,,,
Latvia,LVA,"Smoking prevalence, males (% of adults)",SH.PRV.SMOK.MA,,,,,,,,,,,,,,,,,,,,,,,,,,,,,,,,,,,,,,,,,56.2,,,,,54.5,,,,,52.5,52.3,52,51.9,51.6,51,51,,,
"Macao SAR, China",MAC,"Smoking prevalence, males (% of adults)",SH.PRV.SMOK.MA,,,,,,,,,,,,,,,,,,,,,,,,,,,,,,,,,,,,,,,,,,,,,,,,,,,,,,,,,,,,
St. Martin (French part),MAF,"Smoking prevalence, males (% of adults)",SH.PRV.SMOK.MA,,,,,,,,,,,,,,,,,,,,,,,,,,,,,,,,,,,,,,,,,,,,,,,,,,,,,,,,,,,,
Morocco,MAR,"Smoking prevalence, males (% of adults)",SH.PRV.SMOK.MA,,,,,,,,,,,,,,,,,,,,,,,,,,,,,,,,,,,,,,,,,33.5,,,,,36.9,,,,,41,42,42.8,44,44.8,46.1,47.1,,,
Monaco,MCO,"Smoking prevalence, males (% of adults)",SH.PRV.SMOK.MA,,,,,,,,,,,,,,,,,,,,,,,,,,,,,,,,,,,,,,,,,,,,,,,,,,,,,,,,,,,,
Moldova,MDA,"Smoking prevalence, males (% of adults)",SH.PRV.SMOK.MA,,,,,,,,,,,,,,,,,,,,,,,,,,,,,,,,,,,,,,,,,43.5,,,,,43.5,,,,,44.1,44.2,44.2,44.5,44.5,44.5,44.6,,,
Madagascar,MDG,"Smoking prevalence, males (% of adults)",SH.PRV.SMOK.MA,,,,,,,,,,,,,,,,,,,,,,,,,,,,,,,,,,,,,,,,,,,,,,,,,,,,,,,,,,,,
Maldives,MDV,"Smoking prevalence, males (% of adults)",SH.PRV.SMOK.MA,,,,,,,,,,,,,,,,,,,,,,,,,,,,,,,,,,,,,,,,,65.3,,,,,61.7,,,,,58.5,57.6,57.3,56.7,56.1,55.5,55,,,
Middle East & North Africa,MEA,"Smoking prevalence, males (% of adults)",SH.PRV.SMOK.MA,,,,,,,,,,,,,,,,,,,,,,,,,,,,,,,,,,,,,,,,,31.72942397,,,,,32.28073779,,,,,33.48076075,33.68320017,33.90665237,34.25805898,34.60164469,34.98813026,35.29428706,,,
Mexico,MEX,"Smoking prevalence, males (% of adults)",SH.PRV.SMOK.MA,,,,,,,,,,,,,,,,,,,,,,,,,,,,,,,,,,,,,,,,,35.8,,,,,30.5,,,,,25.8,25.1,24.2,23.6,22.8,22.1,21.4,,,
Marshall Islands,MHL,"Smoking prevalence, males (% of adults)",SH.PRV.SMOK.MA,,,,,,,,,,,,,,,,,,,,,,,,,,,,,,,,,,,,,,,,,,,,,,,,,,,,,,,,,,,,
Middle income,MIC,"Smoking prevalence, males (% of adults)",SH.PRV.SMOK.MA,,,,,,,,,,,,,,,,,,,,,,,,,,,,,,,,,,,,,,,,,45.81224562,,,,,42.44078555,,,,,39.53804923,38.86295001,38.47600074,37.9810011,37.45616998,37.01755763,36.56114187,,,
North Macedonia,MKD,"Smoking prevalence, males (% of adults)",SH.PRV.SMOK.MA,,,,,,,,,,,,,,,,,,,,,,,,,,,,,,,,,,,,,,,,,,,,,,,,,,,,,,,,,,,,
Mali,MLI,"Smoking prevalence, males (% of adults)",SH.PRV.SMOK.MA,,,,,,,,,,,,,,,,,,,,,,,,,,,,,,,,,,,,,,,,,22,,,,,22.2,,,,,22.7,22.6,22.7,22.8,22.9,22.9,23,,,
Malta,MLT,"Smoking prevalence, males (% of adults)",SH.PRV.SMOK.MA,,,,,,,,,,,,,,,,,,,,,,,,,,,,,,,,,,,,,,,,,42,,,,,37.7,,,,,34.1,33.3,32.8,32.1,31.4,30.7,30.2,,,
Myanmar,MMR,"Smoking prevalence, males (% of adults)",SH.PRV.SMOK.MA,,,,,,,,,,,,,,,,,,,,,,,,,,,,,,,,,,,,,,,,,51.6,,,,,45.6,,,,,40.3,39.4,38.6,37.6,36.9,36.1,35.2,,,
Middle East & North Africa (excluding high income),MNA,"Smoking prevalence, males (% of adults)",SH.PRV.SMOK.MA,,,,,,,,,,,,,,,,,,,,,,,,,,,,,,,,,,,,,,,,,32.64625157,,,,,33.34328358,,,,,34.80654385,35.07721863,35.40623063,35.86866667,36.29967347,36.82358334,37.19349401,,,
Montenegro,MNE,"Smoking prevalence, males (% of adults)",SH.PRV.SMOK.MA,,,,,,,,,,,,,,,,,,,,,,,,,,,,,,,,,,,,,,,,,55.2,,,,,52.5,,,,,50.5,50,49.4,49.1,48.7,48.1,47.9,,,
Mongolia,MNG,"Smoking prevalence, males (% of adults)",SH.PRV.SMOK.MA,,,,,,,,,,,,,,,,,,,,,,,,,,,,,,,,,,,,,,,,,56.7,,,,,52.9,,,,,49.9,49.3,48.6,48.1,47.6,47.5,46.5,,,
Northern Mariana Islands,MNP,"Smoking prevalence, males (% of adults)",SH.PRV.SMOK.MA,,,,,,,,,,,,,,,,,,,,,,,,,,,,,,,,,,,,,,,,,,,,,,,,,,,,,,,,,,,,
Mozambique,MOZ,"Smoking prevalence, males (% of adults)",SH.PRV.SMOK.MA,,,,,,,,,,,,,,,,,,,,,,,,,,,,,,,,,,,,,,,,,40.1,,,,,36.1,,,,,32.6,31.9,31.2,30.7,30,29.6,29.1,,,
Mauritania,MRT,"Smoking prevalence, males (% of adults)",SH.PRV.SMOK.MA,,,,,,,,,,,,,,,,,,,,,,,,,,,,,,,,,,,,,,,,,,,,,,,,,,,,,,,,,,,,
Mauritius,MUS,"Smoking prevalence, males (% of adults)",SH.PRV.SMOK.MA,,,,,,,,,,,,,,,,,,,,,,,,,,,,,,,,,,,,,,,,,46,,,,,44.2,,,,,42.3,42.3,41.9,41.6,41.4,41,40.7,,,
Malawi,MWI,"Smoking prevalence, males (% of adults)",SH.PRV.SMOK.MA,,,,,,,,,,,,,,,,,,,,,,,,,,,,,,,,,,,,,,,,,33.2,,,,,30.2,,,,,27.5,26.9,26.4,25.8,25.7,25,24.7,,,
Malaysia,MYS,"Smoking prevalence, males (% of adults)",SH.PRV.SMOK.MA,,,,,,,,,,,,,,,,,,,,,,,,,,,,,,,,,,,,,,,,,52.9,,,,,49.1,,,,,46,45.3,44.6,44,43.3,43,42.4,,,
North America,NAC,"Smoking prevalence, males (% of adults)",SH.PRV.SMOK.MA,,,,,,,,,,,,,,,,,,,,,,,,,,,,,,,,,,,,,,,,,34.03295208,,,,,30.3775842,,,,,27.0699187,26.53908546,26.01782576,25.42744387,24.80698199,24.29883669,23.77654364,,,
Namibia,NAM,"Smoking prevalence, males (% of adults)",SH.PRV.SMOK.MA,,,,,,,,,,,,,,,,,,,,,,,,,,,,,,,,,,,,,,,,,30.1,,,,,31.4,,,,,32.6,32.9,33.1,33.4,33.6,34.1,34.2,,,
New Caledonia,NCL,"Smoking prevalence, males (% of adults)",SH.PRV.SMOK.MA,,,,,,,,,,,,,,,,,,,,,,,,,,,,,,,,,,,,,,,,,,,,,,,,,,,,,,,,,,,,
Niger,NER,"Smoking prevalence, males (% of adults)",SH.PRV.SMOK.MA,,,,,,,,,,,,,,,,,,,,,,,,,,,,,,,,,,,,,,,,,12.6,,,,,13.2,,,,,14.2,14.3,14.5,14.8,14.9,15.2,15.4,,,
Nigeria,NGA,"Smoking prevalence, males (% of adults)",SH.PRV.SMOK.MA,,,,,,,,,,,,,,,,,,,,,,,,,,,,,,,,,,,,,,,,,13.1,,,,,12.3,,,,,11.5,11.4,11.3,11.2,11,10.9,10.8,,,
Nicaragua,NIC,"Smoking prevalence, males (% of adults)",SH.PRV.SMOK.MA,,,,,,,,,,,,,,,,,,,,,,,,,,,,,,,,,,,,,,,,,,,,,,,,,,,,,,,,,,,,
Netherlands,NLD,"Smoking prevalence, males (% of adults)",SH.PRV.SMOK.MA,,,,,,,,,,,,,,,,,,,,,,,,,,,,,,,,,,,,,,,,,41.4,,,,,36.1,,,,,31.8,30.9,30.3,29.4,28.7,27.9,27.3,,,
Norway,NOR,"Smoking prevalence, males (% of adults)",SH.PRV.SMOK.MA,,,,,,,,,,,,,,,,,,,,,,,,,,,,,,,,,,,,,,,,,44.3,,,,,35.1,,,,,27.7,26.1,25,23.8,22.7,21.7,20.7,,,
Nepal,NPL,"Smoking prevalence, males (% of adults)",SH.PRV.SMOK.MA,,,,,,,,,,,,,,,,,,,,,,,,,,,,,,,,,,,,,,,,,44.7,,,,,42.6,,,,,40.3,39.8,39.2,38.9,38.5,38,37.8,,,
Nauru,NRU,"Smoking prevalence, males (% of adults)",SH.PRV.SMOK.MA,,,,,,,,,,,,,,,,,,,,,,,,,,,,,,,,,,,,,,,,,59.4,,,,,50.7,,,,,43.6,42.3,41.1,40,38.9,37.7,36.9,,,
New Zealand,NZL,"Smoking prevalence, males (% of adults)",SH.PRV.SMOK.MA,,,,,,,,,,,,,,,,,,,,,,,,,,,,,,,,,,,,,,,,,29.7,,,,,25,,,,,21.1,20.2,19.6,18.9,18.4,17.7,17.2,,,
OECD members,OED,"Smoking prevalence, males (% of adults)",SH.PRV.SMOK.MA,,,,,,,,,,,,,,,,,,,,,,,,,,,,,,,,,,,,,,,,,41.47322444,,,,,36.8613681,,,,,32.79185764,32.08850064,31.37837172,30.69189877,29.97097556,29.33237767,28.67730369,,,
Oman,OMN,"Smoking prevalence, males (% of adults)",SH.PRV.SMOK.MA,,,,,,,,,,,,,,,,,,,,,,,,,,,,,,,,,,,,,,,,,13.5,,,,,14.1,,,,,14.7,14.8,15,15.2,15.3,15.5,15.6,,,
Other small states,OSS,"Smoking prevalence, males (% of adults)",SH.PRV.SMOK.MA,,,,,,,,,,,,,,,,,,,,,,,,,,,,,,,,,,,,,,,,,40.4134312,,,,,38.94735821,,,,,36.78953455,36.59148725,36.41926365,36.31310569,36.36028434,36.29234562,36.37674548,,,
Pakistan,PAK,"Smoking prevalence, males (% of adults)",SH.PRV.SMOK.MA,,,,,,,,,,,,,,,,,,,,,,,,,,,,,,,,,,,,,,,,,39,,,,,38.3,,,,,37.5,37.4,37.3,37.2,37,36.9,36.7,,,
Panama,PAN,"Smoking prevalence, males (% of adults)",SH.PRV.SMOK.MA,,,,,,,,,,,,,,,,,,,,,,,,,,,,,,,,,,,,,,,,,25,,,,,18.5,,,,,13.9,13.2,12.4,11.8,11.1,10.5,9.9,,,
Peru,PER,"Smoking prevalence, males (% of adults)",SH.PRV.SMOK.MA,,,,,,,,,,,,,,,,,,,,,,,,,,,,,,,,,,,,,,,,,,,,,,,,,,,,,,,,,,,,
Philippines,PHL,"Smoking prevalence, males (% of adults)",SH.PRV.SMOK.MA,,,,,,,,,,,,,,,,,,,,,,,,,,,,,,,,,,,,,,,,,56.9,,,,,50.9,,,,,45.9,45,44.2,43.4,42.4,41.5,40.8,,,
Palau,PLW,"Smoking prevalence, males (% of adults)",SH.PRV.SMOK.MA,,,,,,,,,,,,,,,,,,,,,,,,,,,,,,,,,,,,,,,,,42.6,,,,,34.8,,,,,28.6,27.6,26.4,25.4,24.5,23.5,22.7,,,
Papua New Guinea,PNG,"Smoking prevalence, males (% of adults)",SH.PRV.SMOK.MA,,,,,,,,,,,,,,,,,,,,,,,,,,,,,,,,,,,,,,,,,80.7,,,,,69.8,,,,,59.5,57.2,55.3,53.7,52.2,50.3,48.8,,,
Poland,POL,"Smoking prevalence, males (% of adults)",SH.PRV.SMOK.MA,,,,,,,,,,,,,,,,,,,,,,,,,,,,,,,,,,,,,,,,,45.6,,,,,41,,,,,37,36.5,35.8,35.2,34.4,33.8,33.1,,,
Pre-demographic dividend,PRE,"Smoking prevalence, males (% of adults)",SH.PRV.SMOK.MA,,,,,,,,,,,,,,,,,,,,,,,,,,,,,,,,,,,,,,,,,,,,,,,,,,,,,,,,,,,,
Puerto Rico,PRI,"Smoking prevalence, males (% of adults)",SH.PRV.SMOK.MA,,,,,,,,,,,,,,,,,,,,,,,,,,,,,,,,,,,,,,,,,,,,,,,,,,,,,,,,,,,,
"Korea, Dem. People’s Rep.",PRK,"Smoking prevalence, males (% of adults)",SH.PRV.SMOK.MA,,,,,,,,,,,,,,,,,,,,,,,,,,,,,,,,,,,,,,,,,,,,,,,,,,,,,,,,,,,,
Portugal,PRT,"Smoking prevalence, males (% of adults)",SH.PRV.SMOK.MA,,,,,,,,,,,,,,,,,,,,,,,,,,,,,,,,,,,,,,,,,37.6,,,,,34.9,,,,,32.5,32,31.6,31.1,30.8,30.4,30,,,
Paraguay,PRY,"Smoking prevalence, males (% of adults)",SH.PRV.SMOK.MA,,,,,,,,,,,,,,,,,,,,,,,,,,,,,,,,,,,,,,,,,45.6,,,,,36,,,,,28.6,27.3,26,24.8,23.7,22.6,21.6,,,
West Bank and Gaza,PSE,"Smoking prevalence, males (% of adults)",SH.PRV.SMOK.MA,,,,,,,,,,,,,,,,,,,,,,,,,,,,,,,,,,,,,,,,,,,,,,,,,,,,,,,,,,,,
Pacific island small states,PSS,"Smoking prevalence, males (% of adults)",SH.PRV.SMOK.MA,,,,,,,,,,,,,,,,,,,,,,,,,,,,,,,,,,,,,,,,,57.59846653,,,,,50.28961945,,,,,43.81493802,42.55849739,41.55957161,,,,,,,
Post-demographic dividend,PST,"Smoking prevalence, males (% of adults)",SH.PRV.SMOK.MA,,,,,,,,,,,,,,,,,,,,,,,,,,,,,,,,,,,,,,,,,42.47521081,,,,,38.03475781,,,,,34.14203083,33.44402212,32.77071822,32.08857181,31.37964224,30.77547196,30.12936577,,,
French Polynesia,PYF,"Smoking prevalence, males (% of adults)",SH.PRV.SMOK.MA,,,,,,,,,,,,,,,,,,,,,,,,,,,,,,,,,,,,,,,,,,,,,,,,,,,,,,,,,,,,
Qatar,QAT,"Smoking prevalence, males (% of adults)",SH.PRV.SMOK.MA,,,,,,,,,,,,,,,,,,,,,,,,,,,,,,,,,,,,,,,,,23,,,,,23.8,,,,,25.1,25.4,25.5,25.8,26.3,26.4,26.9,,,
Romania,ROU,"Smoking prevalence, males (% of adults)",SH.PRV.SMOK.MA,,,,,,,,,,,,,,,,,,,,,,,,,,,,,,,,,,,,,,,,,52.7,,,,,47.1,,,,,42,41.3,40.3,39.5,38.5,37.8,37.1,,,
Russian Federation,RUS,"Smoking prevalence, males (% of adults)",SH.PRV.SMOK.MA,,,,,,,,,,,,,,,,,,,,,,,,,,,,,,,,,,,,,,,,,68.3,,,,,64.8,,,,,61.7,61.2,60.6,60,59.4,58.9,58.3,,,
Rwanda,RWA,"Smoking prevalence, males (% of adults)",SH.PRV.SMOK.MA,,,,,,,,,,,,,,,,,,,,,,,,,,,,,,,,,,,,,,,,,29.8,,,,,26.5,,,,,23.8,23.4,22.8,22.4,21.9,21.4,21,,,
South Asia,SAS,"Smoking prevalence, males (% of adults)",SH.PRV.SMOK.MA,,,,,,,,,,,,,,,,,,,,,,,,,,,,,,,,,,,,,,,,,36.92114408,,,,,32.41307271,,,,,28.48770729,27.77274813,27.15222115,26.54832568,25.80973615,25.37774301,24.78162331,,,
Saudi Arabia,SAU,"Smoking prevalence, males (% of adults)",SH.PRV.SMOK.MA,,,,,,,,,,,,,,,,,,,,,,,,,,,,,,,,,,,,,,,,,21.7,,,,,22.6,,,,,23.9,24.3,24.3,24.6,25,25.2,25.4,,,
Sudan,SDN,"Smoking prevalence, males (% of adults)",SH.PRV.SMOK.MA,,,,,,,,,,,,,,,,,,,,,,,,,,,,,,,,,,,,,,,,,,,,,,,,,,,,,,,,,,,,
Senegal,SEN,"Smoking prevalence, males (% of adults)",SH.PRV.SMOK.MA,,,,,,,,,,,,,,,,,,,,,,,,,,,,,,,,,,,,,,,,,20.9,,,,,19.4,,,,,18,17.8,17.6,17.2,17.1,16.8,16.6,,,
Singapore,SGP,"Smoking prevalence, males (% of adults)",SH.PRV.SMOK.MA,,,,,,,,,,,,,,,,,,,,,,,,,,,,,,,,,,,,,,,,,27.2,,,,,27.5,,,,,27.9,27.9,27.8,28.2,28.2,28.2,28.3,,,
Solomon Islands,SLB,"Smoking prevalence, males (% of adults)",SH.PRV.SMOK.MA,,,,,,,,,,,,,,,,,,,,,,,,,,,,,,,,,,,,,,,,,,,,,,,,,,,,,,,,,,,,
Sierra Leone,SLE,"Smoking prevalence, males (% of adults)",SH.PRV.SMOK.MA,,,,,,,,,,,,,,,,,,,,,,,,,,,,,,,,,,,,,,,,,55.3,,,,,50.2,,,,,45.7,45,44,43.4,42.9,41.9,41.3,,,
El Salvador,SLV,"Smoking prevalence, males (% of adults)",SH.PRV.SMOK.MA,,,,,,,,,,,,,,,,,,,,,,,,,,,,,,,,,,,,,,,,,29.4,,,,,25.3,,,,,21.8,21.3,20.7,20.2,19.6,19.2,18.8,,,
San Marino,SMR,"Smoking prevalence, males (% of adults)",SH.PRV.SMOK.MA,,,,,,,,,,,,,,,,,,,,,,,,,,,,,,,,,,,,,,,,,,,,,,,,,,,,,,,,,,,,
Somalia,SOM,"Smoking prevalence, males (% of adults)",SH.PRV.SMOK.MA,,,,,,,,,,,,,,,,,,,,,,,,,,,,,,,,,,,,,,,,,,,,,,,,,,,,,,,,,,,,
Serbia,SRB,"Smoking prevalence, males (% of adults)",SH.PRV.SMOK.MA,,,,,,,,,,,,,,,,,,,,,,,,,,,,,,,,,,,,,,,,,57,,,,,51.1,,,,,45.7,44.8,43.6,42.8,42,41.1,40.2,,,
Sub-Saharan Africa (excluding high income),SSA,"Smoking prevalence, males (% of adults)",SH.PRV.SMOK.MA,,,,,,,,,,,,,,,,,,,,,,,,,,,,,,,,,,,,,,,,,22.6597402,,,,,21.04703604,,,,,19.60091104,19.33674034,19.10587839,18.84424969,18.59263049,18.39870841,18.21758016,,,
South Sudan,SSD,"Smoking prevalence, males (% of adults)",SH.PRV.SMOK.MA,,,,,,,,,,,,,,,,,,,,,,,,,,,,,,,,,,,,,,,,,,,,,,,,,,,,,,,,,,,,
Sub-Saharan Africa,SSF,"Smoking prevalence, males (% of adults)",SH.PRV.SMOK.MA,,,,,,,,,,,,,,,,,,,,,,,,,,,,,,,,,,,,,,,,,22.73869435,,,,,21.11848021,,,,,19.66506132,19.40006497,19.16725187,18.90393053,18.65076884,18.45470316,18.27172753,,,
Small states,SST,"Smoking prevalence, males (% of adults)",SH.PRV.SMOK.MA,,,,,,,,,,,,,,,,,,,,,,,,,,,,,,,,,,,,,,,,,40.15983473,,,,,38.42778177,,,,,36.20612111,35.95931139,35.74761214,35.56092634,35.53206176,35.40771923,35.43318548,,,
Sao Tome and Principe,STP,"Smoking prevalence, males (% of adults)",SH.PRV.SMOK.MA,,,,,,,,,,,,,,,,,,,,,,,,,,,,,,,,,,,,,,,,,,,,,,,,,,,,,,,,,,,,
Suriname,SUR,"Smoking prevalence, males (% of adults)",SH.PRV.SMOK.MA,,,,,,,,,,,,,,,,,,,,,,,,,,,,,,,,,,,,,,,,,78.6,,,,,67.6,,,,,55.4,53.1,50.9,48.7,46.8,44.8,42.9,,,
Slovak Republic,SVK,"Smoking prevalence, males (% of adults)",SH.PRV.SMOK.MA,,,,,,,,,,,,,,,,,,,,,,,,,,,,,,,,,,,,,,,,,43.9,,,,,41.6,,,,,39.5,39.2,38.8,38.4,38.2,38,37.7,,,
Slovenia,SVN,"Smoking prevalence, males (% of adults)",SH.PRV.SMOK.MA,,,,,,,,,,,,,,,,,,,,,,,,,,,,,,,,,,,,,,,,,30.8,,,,,28.7,,,,,27,26.8,26.3,26,25.7,25.3,25,,,
Sweden,SWE,"Smoking prevalence, males (% of adults)",SH.PRV.SMOK.MA,,,,,,,,,,,,,,,,,,,,,,,,,,,,,,,,,,,,,,,,,31.6,,,,,27,,,,,22.9,22.2,21.4,20.8,20.1,19.5,18.9,,,
Eswatini,SWZ,"Smoking prevalence, males (% of adults)",SH.PRV.SMOK.MA,,,,,,,,,,,,,,,,,,,,,,,,,,,,,,,,,,,,,,,,,16.3,,,,,16.2,,,,,16.4,16.4,16.4,16.5,16.5,16.5,16.5,,,
Sint Maarten (Dutch part),SXM,"Smoking prevalence, males (% of adults)",SH.PRV.SMOK.MA,,,,,,,,,,,,,,,,,,,,,,,,,,,,,,,,,,,,,,,,,,,,,,,,,,,,,,,,,,,,
Seychelles,SYC,"Smoking prevalence, males (% of adults)",SH.PRV.SMOK.MA,,,,,,,,,,,,,,,,,,,,,,,,,,,,,,,,,,,,,,,,,42,,,,,39.9,,,,,37.7,37.4,37,36.7,36.3,35.9,35.7,,,
Syrian Arab Republic,SYR,"Smoking prevalence, males (% of adults)",SH.PRV.SMOK.MA,,,,,,,,,,,,,,,,,,,,,,,,,,,,,,,,,,,,,,,,,,,,,,,,,,,,,,,,,,,,
Turks and Caicos Islands,TCA,"Smoking prevalence, males (% of adults)",SH.PRV.SMOK.MA,,,,,,,,,,,,,,,,,,,,,,,,,,,,,,,,,,,,,,,,,,,,,,,,,,,,,,,,,,,,
Chad,TCD,"Smoking prevalence, males (% of adults)",SH.PRV.SMOK.MA,,,,,,,,,,,,,,,,,,,,,,,,,,,,,,,,,,,,,,,,,,,,,,,,,,,,,,,,,,,,
East Asia & Pacific (IDA & IBRD countries),TEA,"Smoking prevalence, males (% of adults)",SH.PRV.SMOK.MA,,,,,,,,,,,,,,,,,,,,,,,,,,,,,,,,,,,,,,,,,56.00007255,,,,,53.84683969,,,,,52.18593422,51.55535608,51.57004452,51.25090535,51.00168484,50.70409614,50.51032024,,,
Europe & Central Asia (IDA & IBRD countries),TEC,"Smoking prevalence, males (% of adults)",SH.PRV.SMOK.MA,,,,,,,,,,,,,,,,,,,,,,,,,,,,,,,,,,,,,,,,,59.0479288,,,,,54.4789309,,,,,50.39332589,49.68797819,48.90539051,48.20760874,47.4350052,46.72633828,45.99974662,,,
Togo,TGO,"Smoking prevalence, males (% of adults)",SH.PRV.SMOK.MA,,,,,,,,,,,,,,,,,,,,,,,,,,,,,,,,,,,,,,,,,17.3,,,,,16.1,,,,,15.2,15,14.7,14.7,14.5,14.3,14.2,,,
Thailand,THA,"Smoking prevalence, males (% of adults)",SH.PRV.SMOK.MA,,,,,,,,,,,,,,,,,,,,,,,,,,,,,,,,,,,,,,,,,48,,,,,44.9,,,,,42.1,41.4,40.8,40.5,40,39.2,38.8,,,
Tajikistan,TJK,"Smoking prevalence, males (% of adults)",SH.PRV.SMOK.MA,,,,,,,,,,,,,,,,,,,,,,,,,,,,,,,,,,,,,,,,,,,,,,,,,,,,,,,,,,,,
Turkmenistan,TKM,"Smoking prevalence, males (% of adults)",SH.PRV.SMOK.MA,,,,,,,,,,,,,,,,,,,,,,,,,,,,,,,,,,,,,,,,,,,,,,,,,,,,,,,,,,,,
Latin America & the Caribbean (IDA & IBRD countries),TLA,"Smoking prevalence, males (% of adults)",SH.PRV.SMOK.MA,,,,,,,,,,,,,,,,,,,,,,,,,,,,,,,,,,,,,,,,,33.57065008,,,,,28.35286041,,,,,24.11538724,23.38038811,22.57524775,21.95910851,21.29038792,20.60910494,20.02650974,,,
Timor-Leste,TLS,"Smoking prevalence, males (% of adults)",SH.PRV.SMOK.MA,,,,,,,,,,,,,,,,,,,,,,,,,,,,,,,,,,,,,,,,,92.6,,,,,90.1,,,,,85.3,84.1,82.7,81.6,80.7,79.1,78.1,,,
Middle East & North Africa (IDA & IBRD countries),TMN,"Smoking prevalence, males (% of adults)",SH.PRV.SMOK.MA,,,,,,,,,,,,,,,,,,,,,,,,,,,,,,,,,,,,,,,,,32.64625157,,,,,33.34328358,,,,,34.80654385,35.07721863,35.40623063,35.86866667,36.29967347,36.82358334,37.19349401,,,
Tonga,TON,"Smoking prevalence, males (% of adults)",SH.PRV.SMOK.MA,,,,,,,,,,,,,,,,,,,,,,,,,,,,,,,,,,,,,,,,,56.7,,,,,52.3,,,,,48.2,47.6,46.9,46.5,45.6,45.1,44.4,,,
South Asia (IDA & IBRD),TSA,"Smoking prevalence, males (% of adults)",SH.PRV.SMOK.MA,,,,,,,,,,,,,,,,,,,,,,,,,,,,,,,,,,,,,,,,,36.92114408,,,,,32.41307271,,,,,28.48770729,27.77274813,27.15222115,26.54832568,25.80973615,25.37774301,24.78162331,,,
Sub-Saharan Africa (IDA & IBRD countries),TSS,"Smoking prevalence, males (% of adults)",SH.PRV.SMOK.MA,,,,,,,,,,,,,,,,,,,,,,,,,,,,,,,,,,,,,,,,,22.73869435,,,,,21.11848021,,,,,19.66506132,19.40006497,19.16725187,18.90393053,18.65076884,18.45470316,18.27172753,,,
Trinidad and Tobago,TTO,"Smoking prevalence, males (% of adults)",SH.PRV.SMOK.MA,,,,,,,,,,,,,,,,,,,,,,,,,,,,,,,,,,,,,,,,,,,,,,,,,,,,,,,,,,,,
Tunisia,TUN,"Smoking prevalence, males (% of adults)",SH.PRV.SMOK.MA,,,,,,,,,,,,,,,,,,,,,,,,,,,,,,,,,,,,,,,,,56.6,,,,,59.1,,,,,62.2,62.8,63.3,63.9,64.8,65.4,65.8,,,
Turkey,TUR,"Smoking prevalence, males (% of adults)",SH.PRV.SMOK.MA,,,,,,,,,,,,,,,,,,,,,,,,,,,,,,,,,,,,,,,,,58.7,,,,,52.4,,,,,46.7,45.8,44.8,43.9,43,41.9,41.1,,,
Tuvalu,TUV,"Smoking prevalence, males (% of adults)",SH.PRV.SMOK.MA,,,,,,,,,,,,,,,,,,,,,,,,,,,,,,,,,,,,,,,,,,,,,,,,,,,,,,,,,,,,
Tanzania,TZA,"Smoking prevalence, males (% of adults)",SH.PRV.SMOK.MA,,,,,,,,,,,,,,,,,,,,,,,,,,,,,,,,,,,,,,,,,39.3,,,,,34.6,,,,,30.6,29.9,29.2,28.6,27.7,27.3,26.7,,,
Uganda,UGA,"Smoking prevalence, males (% of adults)",SH.PRV.SMOK.MA,,,,,,,,,,,,,,,,,,,,,,,,,,,,,,,,,,,,,,,,,29.2,,,,,24.4,,,,,20.5,19.8,19.1,18.4,17.9,17.2,16.7,,,
Ukraine,UKR,"Smoking prevalence, males (% of adults)",SH.PRV.SMOK.MA,,,,,,,,,,,,,,,,,,,,,,,,,,,,,,,,,,,,,,,,,60.6,,,,,56,,,,,52.1,51.3,50.5,49.9,49,48.2,47.4,,,
Upper middle income,UMC,"Smoking prevalence, males (% of adults)",SH.PRV.SMOK.MA,,,,,,,,,,,,,,,,,,,,,,,,,,,,,,,,,,,,,,,,,52.49929852,,,,,49.68010866,,,,,47.38447166,46.7241269,46.52181637,46.10820991,45.74387039,45.32839578,45.0107382,,,
Uruguay,URY,"Smoking prevalence, males (% of adults)",SH.PRV.SMOK.MA,,,,,,,,,,,,,,,,,,,,,,,,,,,,,,,,,,,,,,,,,59.9,,,,,42.2,,,,,30,27.9,26.1,24.4,22.8,21.4,19.9,,,
United States,USA,"Smoking prevalence, males (% of adults)",SH.PRV.SMOK.MA,,,,,,,,,,,,,,,,,,,,,,,,,,,,,,,,,,,,,,,,,34.5,,,,,31,,,,,27.8,27.3,26.8,26.2,25.6,25.1,24.6,,,
Uzbekistan,UZB,"Smoking prevalence, males (% of adults)",SH.PRV.SMOK.MA,,,,,,,,,,,,,,,,,,,,,,,,,,,,,,,,,,,,,,,,,30.9,,,,,28.6,,,,,26.7,26.3,25.9,25.7,25.3,25,24.7,,,
St. Vincent and the Grenadines,VCT,"Smoking prevalence, males (% of adults)",SH.PRV.SMOK.MA,,,,,,,,,,,,,,,,,,,,,,,,,,,,,,,,,,,,,,,,,,,,,,,,,,,,,,,,,,,,
"Venezuela, RB",VEN,"Smoking prevalence, males (% of adults)",SH.PRV.SMOK.MA,,,,,,,,,,,,,,,,,,,,,,,,,,,,,,,,,,,,,,,,,,,,,,,,,,,,,,,,,,,,
British Virgin Islands,VGB,"Smoking prevalence, males (% of adults)",SH.PRV.SMOK.MA,,,,,,,,,,,,,,,,,,,,,,,,,,,,,,,,,,,,,,,,,,,,,,,,,,,,,,,,,,,,
Virgin Islands (U.S.),VIR,"Smoking prevalence, males (% of adults)",SH.PRV.SMOK.MA,,,,,,,,,,,,,,,,,,,,,,,,,,,,,,,,,,,,,,,,,,,,,,,,,,,,,,,,,,,,
Vietnam,VNM,"Smoking prevalence, males (% of adults)",SH.PRV.SMOK.MA,,,,,,,,,,,,,,,,,,,,,,,,,,,,,,,,,,,,,,,,,50,,,,,48.5,,,,,47.4,46.9,47,46.6,46.3,46.4,45.9,,,
Vanuatu,VUT,"Smoking prevalence, males (% of adults)",SH.PRV.SMOK.MA,,,,,,,,,,,,,,,,,,,,,,,,,,,,,,,,,,,,,,,,,57.9,,,,,49.1,,,,,41.6,40.3,39.2,37.8,36.8,35.6,34.5,,,
World,WLD,"Smoking prevalence, males (% of adults)",SH.PRV.SMOK.MA,,,,,,,,,,,,,,,,,,,,,,,,,,,,,,,,,,,,,,,,,44.24831271,,,,,40.74192396,,,,,37.71056618,37.04959409,36.61846131,36.10127064,35.56009719,35.10271501,34.62843128,,,
Samoa,WSM,"Smoking prevalence, males (% of adults)",SH.PRV.SMOK.MA,,,,,,,,,,,,,,,,,,,,,,,,,,,,,,,,,,,,,,,,,63.2,,,,,53.8,,,,,45.9,44.5,43,41.8,40.7,39.4,38.1,,,
Kosovo,XKX,"Smoking prevalence, males (% of adults)",SH.PRV.SMOK.MA,,,,,,,,,,,,,,,,,,,,,,,,,,,,,,,,,,,,,,,,,,,,,,,,,,,,,,,,,,,,
"Yemen, Rep.",YEM,"Smoking prevalence, males (% of adults)",SH.PRV.SMOK.MA,,,,,,,,,,,,,,,,,,,,,,,,,,,,,,,,,,,,,,,,,31.8,,,,,30.9,,,,,30,29.8,29.9,29.4,29.5,29.4,29.2,,,
South Africa,ZAF,"Smoking prevalence, males (% of adults)",SH.PRV.SMOK.MA,,,,,,,,,,,,,,,,,,,,,,,,,,,,,,,,,,,,,,,,,35.4,,,,,34.7,,,,,34,33.9,33.8,33.5,33.4,33.4,33.2,,,
Zambia,ZMB,"Smoking prevalence, males (% of adults)",SH.PRV.SMOK.MA,,,,,,,,,,,,,,,,,,,,,,,,,,,,,,,,,,,,,,,,,30.5,,,,,28.6,,,,,26.7,26.2,26.1,25.6,25.4,25,24.7,,,
Zimbabwe,ZWE,"Smoking prevalence, males (% of adults)",SH.PRV.SMOK.MA,,,,,,,,,,,,,,,,,,,,,,,,,,,,,,,,,,,,,,,,,33.2,,,,,32.2,,,,,31.5,31.4,31.3,31.2,31,30.8,30.7,,,
